AGO,1.9049565939957223
AGN,0.92161560490367411
LIFE,0.86554509858691897
CEL,0.60520756333950021
SBRA,0.86383394291175253
GTIV,1.0612721344647233
AGM,1.961111863571694
NYT,1.605110989509178
CS,1.7245726977569762
SGMO,1.6596056703008548
AGX,0.57101743534674521
AGU,1.2647521031342128
ERIE,0.8324302024293706
ERIC,1.3230433629700185
NRCIB,0.69701042347800857
BWP,0.42819493321382396
BWS,1.7384731224591139
KYO,0.83691287057544606
SPR,1.2850689481859119
SCLN,0.70305732387387176
TINY,1.610152278103786
KRG,1.6660870532893313
PTNR,0.57196226258820593
SPN,1.7769720564831479
BSDM,0.53299376572905555
SPA,0.29353247206970595
VRTU,0.89853484910709036
SPF,1.828156602328445
OPAY,0.50452027717507708
ENDP,0.6944348636438209
GT,1.9644745614528931
GS,1.1212297953349575
CBLI,0.48761556220955926
PKE,1.3887295903753563
GY,1.5841015869169399
MNKD,1.1014455744088152
GE,1.2455492748575208
GD,0.91883090232218056
RDWR,0.71085332607458485
GA,0.39062885863398245
BYI,1.4479060999066151
MEIP,1.448403439067264
BYD,1.779862487654611
GK,1.1714453067666202
JNS,2.0679864625650373
MAS,1.5903010606275227
MAR,1.397837681818632
MAT,0.86786783061851125
AXAS,1.8536492387228876
SNN,0.85859653180338635
JNY,1.684402245966603
SNH,1.3550591421513918
ROYL,1.0054928880689702
MAC,1.7828659285832
ACLS,1.9458328153447244
MAG,0.88327322745077108
TEL,1.0764822163684116
JNJ,0.49804632419137207
AMCC,1.2936041724163259
SNX,1.0570026984684766
MAN,1.3435928728412325
JBSS,0.48580627549399519
TDG,0.97483200048658358
EVC,1.848852750192399
TOPS,0.7489197328975008
EVF,0.31726183673386599
BEE,2.4110717635110284
BSRR,1.3191525391377301
CRTX,0.46287466323512938
DSWL,0.47533753430674364
END,1.9362136001197727
ICUI,0.57061941093032753
IDCC,0.96839293478599342
LSE,1.4841168436801941
GHDX,0.71385060555810576
VLO,1.4429741110444323
BIRT,1.0850260816840209
LSI,1.3667299207620203
WWWW,1.3826834274994315
TTI,2.1380380591736974
TTM,1.4119835005481569
TTC,1.0460804536248052
WSBF,1.3296767446434998
WSBC,1.3474825573335649
USLM,0.75046638397561793
CEVA,1.1689986924389497
CSC,0.97277226569101594
GRA,1.8700310266123603
CPRT,0.75723099498143787
DYAX,1.4629801239969513
LPSN,0.87291645921923244
AVHI,1.0009419702490248
HLS,1.1157879894571412
NOA,1.6356689065864134
NOC,0.86838222090264472
HAR,1.4546450768631525
HLF,1.0292333850602036
NOV,1.7257705117597599
CSX,1.2429437771998457
CTS,1.4863938304073092
SPPI,0.90031792636655927
PWE,1.2678755503117825
CWEI,2.0692002475765494
RAVN,1.4143178508231995
LBAI,1.5966669507620375
ITUB,1.5820019450001075
CTB,1.6325315069894022
CCBG,1.2245265956465832
CTL,0.70040007832796958
SNA,1.2064158165438921
VRTX,0.90053122407514286
CSV,0.57392764887207215
VSEC,1.0485734906236446
ARTW,0.60390533754960873
KTOS,0.69666739363333052
QCCO,0.30346426066185606
WHR,1.4956552818187117
WSH,0.74048530422145487
TASR,1.3507916478452278
TAST,1.042160179628298
ATEC,1.3207425376187145
NPSP,1.2585899365143562
MUX,0.7927410471929941
NTAP,1.1738249924252306
ALVR,1.1595289596244478
ICGE,1.6346284059531939
SPE,0.16183052252226551
EDR,1.3215121598237589
PDII,0.6040458132410027
HPT,1.6607755486148119
EDU,0.82520584625707127
SPG,1.609620114732651
ORB,0.96405926155180244
EVEP,0.8511914293671714
ORA,1.2615256703273015
PSEC,1.0241468684779185
HYV,0.40991516915749882
FARM,1.1733907843579052
FARO,1.276663589109722
PSEM,1.3654102671113613
FCBC,1.3244093286084955
GBLI,1.3988206934545113
CVG,1.0541931622355665
COHR,1.0018500100683241
FSYS,1.5048735951528798
ABAX,1.1074044454147052
COHU,1.2527071100488132
LF,1.5442228559414573
LG,0.70313599123697357
GUID,1.0568998962911096
AGCO,1.6093278753561111
ONB,1.3487731107407999
LM,1.800838827101984
LH,0.53529453361912716
ARCI,0.349300512178224
UTSI,1.8096396809729969
A,1.2353366535146286
CNTF,0.9900470261548302
MLR,0.77082448752419253
FORM,1.0397335475859963
STNR,1.1845617088567713
FORD,0.38208748417305932
FORR,0.81889673263760754
CNTY,0.61666229769567793
PNY,0.69249477157491324
GG,0.74430528624834036
CFI,0.75035510822211271
HMIN,1.2696061836471264
PNR,1.2273788568413715
PNW,0.63550709410243955
PNK,1.6704781708155516
MRLN,0.60193812184986262
PNM,1.0675259257796923
CALM,0.67241529933955801
SYBT,1.1732684437800243
PNC,1.3964475913688834
RUTH,1.5961093910853383
CALD,1.0544645820179985
FIZZ,0.90045768304758678
UTEK,0.90281486719607629
ATE,1.1190829675702505
GIII,1.4486212743860913
GIM,0.26834456897508074
PRE,0.62275842576676388
ASTI,1.7484169430989569
HFWA,0.71310093210052317
SAH,1.9316466345228633
PRA,0.96109645448497094
SAN,1.6757333536590564
SAM,0.68887101539699491
JOY,1.813666303992866
PRO,1.3024578567146845
ASTE,1.4163751776891889
PRU,1.9459134865872816
JOE,1.2884906236396119
JOF,0.81731693255160898
RELL,0.89057218018452211
SAR,0.44363431213378068
SAP,1.078229391198029
TLAB,1.108734765924809
CHA,1.2104749426245589
ISP,0.67138331097476533
CHD,0.4664446078422787
CHE,0.83091381094792627
CHFC,1.2766377832200222
CHK,1.3355827516235705
CHL,0.81882368159720864
ATK,0.66535928927278087
ASBC,1.2454913144887363
CHS,1.5619930354458003
DAKT,1.2255536674115211
CHU,1.029426423147614
JAH,1.3541184865645044
EGOV,1.0393051351408267
FELE,1.2793093447683572
ATI,1.8686176582309026
NNBR,1.5401140034741188
SUPX,0.77276352782382762
AMRN,0.45488119311263853
SNAK,0.46313478264306013
AMRI,1.2046222578975305
BWINB,1.1084045194383694
PESI,0.63043724814839486
MAV,0.18872012883946868
BRKL,1.0032451946127172
APU,0.45346153245408327
VGR,0.48598504152333538
BRKS,1.6498117050397536
BRKR,1.2543847548906359
APL,1.1715457468883141
APC,1.4688261580129292
ORBC,1.3793629024301874
APA,1.2335587309182887
MTRX,1.7081621035158285
APD,1.0631264653225592
DXPE,1.5220323559724473
WSCI,0.62713895781030038
USMO,0.84848265181299032
PVD,0.4672117693684612
EWBC,1.624644322433324
GASS,0.76937605886151461
MNRO,0.73047770557240033
NLS,1.6754898373545037
HMY,0.86543739162256217
AHS,1.2404124203172138
NLY,0.72308783644725938
FUN,0.81537159217164012
WMAR,1.0868662540070868
UCTT,1.6887233175429341
EMKR,2.0314976899699739
HMN,1.4856683574867966
TKR,1.5310017538318075
HME,1.3910984724170621
RPRX,0.81337839492054198
HMA,1.5389033047090037
RICK,1.2876827160020241
AFL,1.5182464243820664
DLB,0.84666021954612636
PAYX,0.8473930600148869
SNP,1.1114952322129574
GCI,1.5788080222701524
BOBE,1.1421677644720376
AFG,1.0979635349188943
ORLY,0.76489069445950131
CRESY,0.87413513605337256
PVR,1.0875339025504407
GCV,0.55988786852546935
HWAY,1.3377616722373273
DLX,1.6625513515943982
SUBK,1.0999488169751754
BTU,1.7830015664128451
PROV,0.27317916334243919
SSW,1.2773767708245167
SEP,0.27375737295221692
SAAS,0.81618505472967517
SSP,1.687511514425645
SSS,1.4435285392804715
CBAK,1.2935601128362566
BTE,1.3562520589082925
SSL,1.5073147317114852
BTA,0.12335096722588836
SSD,1.3600688026484069
SNY,0.92819093368690853
SCMP,0.95012858774249254
POZN,1.265827977659441
TSN,0.89794417304988006
ASX,1.1327193336020205
TSO,1.5593528885378007
CKSW,0.77683842389767466
TSL,1.642010752816208
NUS,1.076186319882763
Y,0.67300688300785827
WYN,1.8017003609472977
PGTI,0.5957283280620379
PVA,1.7866053624327209
ONCY,0.49107672597597707
LANC,0.62842836065716035
ECA,1.2552957100446958
LNT,0.69660499552332356
ECL,0.794173745211042
IPHS,1.3485047533508734
LNN,1.5488392238408193
EXPO,0.91620370635486825
LGND,1.0706465409508499
RMD,0.71884067510963057
EXPE,1.3304561865131967
EXPD,1.1276974183724944
ETFC,1.8204566691752859
B,1.4728617990356108
BBK,0.094195801887587596
BBG,1.5787669567888116
BBF,0.072319921882498944
BBD,1.5692832079491108
TRIB,0.22475633281691351
BBY,1.0686979563730192
CTWS,0.91298398572972017
CRWN,1.2146101470877964
BBT,1.2962776469134116
BSQR,0.29222484219510036
NUE,1.3654957683918547
VMI,1.3176051106804545
TUP,1.2278670548663917
VMC,1.2183015087093474
HOVNP,1.3732628190766591
SPAR,1.5559864469035039
VMW,1.252357801506639
TUC,0.38268271044260138
GIS,0.38779240801647791
ALCO,1.0269469402609417
WYNN,1.7994079679300523
STMP,0.74022150850345592
ANSS,1.0769719790341041
NBIX,1.4069726775861748
ABB,1.4363548483679751
UNS,0.65548094655583244
KRNY,0.88139485351648617
UNT,1.5260411735972257
NKSH,0.61862435151344231
EVR,1.162148809048416
WST,0.8093304144728426
CYT,1.5780635598451069
BIIB,0.71678377846914687
CAMP,0.4573737004369911
POR,0.68234287937953564
SNE,0.98549641408734967
BKMU,1.1080130846398575
PHIIK,1.7369633684198056
POL,1.6225446096363627
POM,0.7776818571209152
CYD,1.5279924517945362
CYH,1.2475682650306712
CYN,1.25111706896101
OSTK,1.5165375400004966
OMCL,0.98935243546456197
MOLXA,1.3052668619935259
VASC,0.71179656574575656
CWT,0.72865958304952527
CWH,1.6440894839098619
SPWR,1.6482922631283796
FRM,1.7429016786188392
FWRD,1.1034588242438155
IMN,1.0401630580051602
YUM,0.86584519265582482
AIRM,0.95406379063766344
NICK,0.19754426769627126
MRVL,1.1902393650422554
AIRT,0.31415515094294577
WIBC,1.2828761491782357
HUN,1.5432991391945847
NICE,1.0929366902712565
PAR,0.49031503823900319
NPBC,1.6385539174684087
ENTG,2.0573350995128417
SRCE,1.5661711943615846
PAY,1.466553859317351
AAPL,0.89521258478544685
SRCL,0.70533114847993028
FCNCA,0.91203874182029265
PAC,0.89607408961318968
CKP,1.3720710822254196
PAG,1.5051914438368517
PAI,0.16116608202722726
DPM,0.59026377911510752
CFNL,1.1776429598154503
SCG,0.62972531909889184
THRM,1.5120318495129237
ABG,1.7076726093328456
DCI,1.1764795200148037
ININ,1.331077125507542
AMSF,0.99176280343455836
PERI,0.43029316158573183
LKFN,1.1189424809216499
CDNS,1.3046170272349449
AWR,0.79457468484040117
MQT,0.081146093538438713
THRX,1.404173587554201
AWH,0.7886704259789995
MQY,0.072198027703423262
AWF,0.46475250000432078
PERY,1.6844072294310357
AWC,1.9074710182073278
SIGA,0.72067570663900349
THLD,0.55650126953651591
DRRX,1.7603338823020422
TWGP,0.78889844879473725
SIGI,1.2721343068681472
SIGM,1.0809611021936605
WEN,1.2125338721807055
PXLW,0.62134819071224545
DAR,1.5287527712917868
X,2.0168778227209812
WEX,1.3171340063777355
UBSH,1.4729504157709552
UBSI,1.3588789453710359
ANAT,1.2589693388171688
PLCE,1.0850511730475332
OII,1.517182994785427
CCL,1.2979102592472052
IHS,0.68364304394532538
PLCM,1.0726083408510403
ANAD,1.3604624604625901
IHC,1.3558686317239355
OIS,1.6439450410779597
OMI,0.67664063772726668
UMBF,1.2507500555281486
AEP,0.64684087269970325
AMAG,0.9174402023508037
AER,1.4125875244671566
AET,1.05217783834506
AEV,0.38333985653530983
AEY,0.23431966559279366
KO,0.54694052840798468
GBL,1.3823674982306045
ZN,0.44308988142689609
SWC,2.0894316419715606
OMN,1.4273979412420754
AMAT,1.1613484709558648
AEC,1.1040043958729833
LMIA,1.4054783474725205
SWKS,1.294619615283676
INFA,0.89877655645175958
GPOR,1.9081173617399929
AEF,0.41199873540589615
MHGC,1.7927415008181748
AEM,0.70047872003052913
AEL,1.5270982058091747
AEO,1.0926760314298716
VTNC,1.1720427811292664
KR,0.45659683915432636
SQNM,1.2545496685583881
VRNM,0.6496666324078314
CCC,1.3632971804729153
TILE,1.6875484386987216
CTXS,1.0594297130576109
FFBC,1.3342179970660315
C,1.5905029919457143
KAI,1.5598986066625473
MCGC,1.9784697126661956
UMPQ,1.5518751611620716
XRX,1.2654321969333209
ITW,1.0660416795454695
MSCC,1.1143303706904848
HALL,0.65879698129576503
HALO,1.3503651805501937
HITT,0.9272641904794845
HCC,0.93205496930850606
MOS,1.4576649391583965
IMKTA,1.109704949239172
PSA,1.2470485495542207
MOV,1.5199557165829805
KFRC,1.190095825048666
MOH,1.0133586738187983
MON,0.9026470350894984
INWK,1.4331600574149914
JLL,1.843874300066525
HITK,0.89881642610643608
OGXI,0.72076201375323978
GABC,0.5071748490306095
BLH,0.052281913176568391
ETR,0.61239287015369692
ETP,0.52584268720650529
BCO,1.0322196513019117
BCH,0.710700519044279
ETW,0.83481846834161488
DO,1.2278013027848478
HNI,1.5209731250860781
BCE,0.65400575962105867
ETY,0.83976748573020576
GIVN,0.92028381577340501
SWK,1.2374006033476874
BABY,1.0802026235529154
PATR,0.79936623072351209
HNT,1.0215545692334771
FDEF,0.49077056976702671
ETH,1.3858748007540767
ETN,1.2384441480654509
CRVL,0.99703426677893314
BCR,0.54331689011438999
RVSB,0.34275491871807812
MMLP,0.55634279030228295
DLTR,0.41723698465452153
SWN,1.4096304078122321
RUSHB,1.1636223077195158
RUSHA,1.7739732157421475
SSRI,1.0955794127465177
GCO,1.1654238953443339
ROVI,1.0178723755482983
WERN,0.99559662313018094
DD,1.1745555062245427
CI,1.2520938693043435
TGX,0.73658840809480297
JDSU,1.7295376750380513
CL,0.49367503706832122
CB,0.83734129305271277
CA,1.0022031416719763
SRI,1.8797350358179081
CF,1.2008444527723454
CE,1.7149613389790872
CY,1.1706925376491155
CX,1.7961619511354128
BPO,1.5731533690259247
SRT,1.0802186811521453
SORL,0.82598028841125593
CR,1.3934051770449112
CP,1.2078065345333335
CW,1.1927969971204406
PIR,1.8844520715488247
TCAP,0.6060090657898265
SWY,0.70113112310274728
TDI,0.10518670057266799
NMR,1.0600240658512745
SWX,0.81834187998840435
TDC,1.0082954277273897
HLX,2.0757383194751435
HUBG,1.2919196285612373
NMY,0.03059281326431787
TKC,1.112544179040392
UEIC,1.221630566090723
TDS,1.0878621326780782
APFC,0.24534443544046541
TDW,1.1938155516331694
BAGL,0.9813593914667621
NMI,0.099459520850240693
FHN,1.3703857597027049
CVX,1.0086307108211046
CVS,0.75587324309803638
G,0.79915014678597474
CVO,1.8664579947043087
LOW,0.98461222533706239
CVI,1.8281730327423791
IKAN,0.61115915020613887
CVD,0.86320596476798084
OSUR,1.782369071447047
CVC,1.2800687465669691
CVA,1.0079994584557661
TUES,1.7225314080855851
SBGI,1.6235455058085095
QTWW,1.429553576330687
MRCY,1.3257194797405387
TWTC,1.1837194917159346
PSUN,1.3918272990035008
HPY,1.2396594402825731
VE,1.2834536244495443
VG,1.0161879520472146
KONA,0.45269641116302894
HPQ,0.94245962213176759
TACT,0.5956061885336752
KONG,0.68483918502253172
VR,0.7712458436367482
MTB,1.2831389211272
KKD,1.3078714277617536
FDX,1.10915971366363
VZ,0.68356704777483035
JJSF,0.70188858424524669
HPF,0.43973761829067143
ETE,0.72005844547630171
NTGR,1.1749798394597437
EBF,1.3851621943698382
TGT,0.937849460243384
LAMR,1.6051570790158751
RJF,1.5713488802277911
EBS,0.94351028319041563
KWK,1.9069451841764868
WDC,1.3311569439504689
DRQ,1.4782290760634496
MOVE,1.5872090931964897
GLNG,1.6272736835870787
LFUS,1.2622874769165557
DRI,0.96589663547242988
DRH,2.0932486583257752
WDR,1.573639552234523
DRL,1.7210947150882769
GPRE,0.7375399395942992
WMB,1.4297055230350035
DRC,1.2782378903783358
DRE,1.8833600405954383
DRD,0.77182130131697646
CONN,1.3144642996412588
OHI,1.372610256395038
WTSL,1.156342233305415
UIL,0.77109388894620068
GBNK,1.6111703375832274
UIS,1.7688830733731495
ALLT,0.67412215063633774
DGICA,0.99338767930496452
RVT,1.1561933746116
TRK,1.0282414521411694
IOC,1.2152405926328846
MFG,0.94349498902878248
NVAX,1.4330441788682062
D,0.60711734370049864
DHR,0.95253393481070603
CLFD,0.6384833718960885
STLD,1.8820387020523859
SRPT,1.1740437760554054
CXW,0.91848842112046802
LECO,1.2774397629133221
SMPL,0.3253494147644464
CCNE,0.64908630366180287
CTG,0.89631404565848516
CXH,0.10848491834138495
STLY,0.62632589338724276
CXO,1.3890059964131409
METR,1.0260552910871894
SURG,0.55179822620045971
HCSG,0.82792612021116352
GOL,1.415977910117846
HR,1.2942970277650825
HP,1.5450750107748914
SPPR,0.83703057833526806
HW,1.7823011758731604
HT,1.5874402009744126
AAON,1.1894321690935217
HL,1.2332160886749066
HA,1.3027381776014963
GTXI,0.83288268354080253
HD,0.9091265536461286
HE,0.58523068994890692
SCL,1.1424785475904544
SCI,1.0581816156919146
DHI,1.5698883097779928
TBBK,1.1551601364011046
GRIF,0.82613981966956951
XTXI,1.9657810520675292
JMP,0.9118587033167701
KLIC,1.9738053040081964
MNI,1.2660392367462712
SCX,0.65685105284518452
ACOR,0.9510396373348442
PTR,1.2336847938531526
SCS,1.1311265430401503
PTP,0.7916961086641191
PBT,0.80096241412887748
OXGN,1.0028666858419961
SLW,1.1290631664360964
AUXL,0.78460103164474426
PBR,1.4065023155489482
CHDX,1.7064108052016222
JAZZ,1.4646225176105494
PBY,1.5502289040489945
NAV,1.3259696193064519
ETM,1.6937211417167248
WHG,1.1367717505236947
YHOO,0.96626314184621598
DTSI,0.99911703441628852
IBCA,0.60101138146718625
CHDN,1.1761874984408704
MATW,0.97653061230662752
SNCR,1.3568861047199081
AVY,1.1798700695980109
AVT,1.2757891234949821
VVUS,1.3564213336097311
MATX,1.253313026554939
PCMI,1.3162211728223578
FNFG,1.1028954352935894
BREW,0.36633812007366712
AVA,0.71382933479098787
AVB,1.3975061908997162
AXTI,0.8674811224860326
CGEN,0.65119122669810736
TJX,0.79576851138739957
ZEUS,1.9103896383367895
SUI,1.3285826565372929
MOD,1.9467387159966587
ACAT,1.3124403293994904
ACAS,1.7166435234448527
SUP,1.2485870380063702
JBLU,1.3838701570074896
HDSN,0.28081927443968413
DHT,1.2312609952691473
ISIS,0.98488090836175002
LPNT,0.93126442352233219
TEO,0.92094769930900244
NBS,0.79449797505734887
NBR,1.8293951085529072
ARTC,0.66646687420882178
TEF,1.0069079557538263
INTX,0.49117752847169194
SJR,0.77198809045873551
SLB,1.3896824776639431
NBL,1.3632767082222217
TER,1.522302218541103
ISIL,1.0716731568770212
NBG,1.5392080488268141
SWHC,1.0630745007762907
ADS,1.1001466189119702
ADP,0.78797192006222927
DNB,0.6594543779878449
HWCC,1.7493119949886222
ADX,0.89794974678151396
CORT,0.74082097873543029
RENT,0.43143909514342693
CORR,0.74694137224451307
DNR,1.6223837809866226
JPM,1.3994233798078968
ADM,0.83486053150911377
SLAB,0.90627957349550203
ADI,0.97929189483223233
INOD,0.55973078729923342
RIGL,1.3745405790120446
DEI,1.6226922678140216
XEL,0.5502908944003484
BRT,0.48188039474429495
BRS,1.336252003447356
PTIE,0.8812696048243307
NSSC,0.25323072831966753
BRO,0.82258443623552679
BRE,1.3795022893114128
BRC,1.2288141390511869
BSAC,0.96874810349832985
TWC,0.95162210658703794
KOOL,0.45461498722428562
TWI,2.2203719144689287
MFLX,1.1199571940551822
PCF,0.38382921318195296
HQL,0.6539132719269708
DISH,1.1920222118923816
TWX,1.12397533496966
RKT,1.2172089412746914
VICR,1.7592218958230887
WIRE,1.063329590471461
HF,0.878519279503019
PJC,1.7172856885200947
ALSK,0.84328985769580189
EAT,1.1016078584641293
ARKR,0.071181664575225539
ESV,1.4652773968181179
SHOR,1.884464668757774
ESS,1.2557568442522733
CIDM,0.39570010359705343
HON,1.1958155970828672
MLHR,1.4361607303916513
HOV,2.1361828839774475
ESE,1.2713495416255929
ESC,1.6307192132848747
HOS,1.6895641258608007
ESL,1.3197050503536594
TROW,1.6116091466544722
ESI,0.61098917946432352
SHOO,1.1339922952236001
LTC,1.1463801007078713
YGE,1.9494241278010338
DSPG,1.1916664469596625
PFBC,0.26814510601528746
MCS,1.6046801812509379
KELYA,1.6625026288329814
CECE,0.86806036868689262
MBLX,1.5660424419816992
DK,1.4328453117707476
NRT,0.33822718179102473
MNR,0.91937201999753704
CECO,0.82219993819264126
EOC,0.62553337706713563
NDSN,1.4817526957638147
RYL,1.4740033586951995
EOG,1.3113014913712777
EXLS,1.4247538092837218
EXLP,0.66773861427334236
EOS,0.83414746675482987
IDXX,0.87887948262974169
CNQR,1.3276983397614734
STKL,0.98068922398503788
ARTNA,0.45067313697475425
WM,0.7449486984074023
CCOI,1.348483558981465
FIS,0.84962480500228965
VAL,0.94222916461462414
LHO,2.040743254094286
ADTN,0.92687723957548263
FIX,1.0930867725960978
BBL,1.6451991535571704
CRRC,1.2820818766746882
VAR,0.90584140891490161
RLI,0.79290063358423879
FULT,1.4718258668883499
RLH,0.9089783725225602
ZBRA,0.88928991930533197
AMT,0.94151948462891655
PSTI,0.92750219068672646
LRCX,1.3452524629611089
CMO,0.66676626671542905
ENZN,0.90897914696523818
EGBN,0.54327639772715908
CMI,1.7345297706674987
CMG,0.89332742142154897
LMT,0.72381181938286532
CME,1.2154417504203332
CHKP,0.76489660059950615
CMA,1.4710333393497628
ASEI,0.58115451071036217
PCO,1.8375712211947914
PCL,1.311083395946337
BGY,0.90186722130814578
ATU,1.3723032171333158
CHKE,1.0341677949758572
CMU,0.12078419645869573
ESIO,1.2920411816423845
PCG,0.38559474265393723
CMP,0.98122495687771016
FEIC,1.0270631986586756
FEIM,0.39114012133715603
UVV,0.79263425203520321
FLWS,1.6889897713338036
SNBC,1.2370903677535401
PCLN,0.96142254448746867
ATR,0.85402118493668111
BRFS,1.2313625560648909
CENTA,1.4560608756769162
FSLR,1.2687245801891289
NWLI,1.0915255975825038
INGR,1.0182156861017218
DIOD,1.5857138214841373
GRMN,1.0389244563140692
DSX,1.2388337446779412
MTEX,1.0956963933334409
DSW,1.4108678468478384
DST,0.88919889965386312
DSU,0.51728935741013737
JAKK,0.95551729692841092
TWIN,1.7345130273795903
DSM,0.13530662506021607
ABFS,1.3304499116414732
PEBO,1.8325264870344498
COOL,0.60649327001250719
MD,0.73366255525578894
XCO,1.8069001792370387
MA,1.0162265180707497
ALOG,0.92259405837389163
INZ,0.6370926457542927
INT,1.2196118813035297
MO,0.52232710730811616
MU,1.7351977732472141
MT,2.1085308680025108
MW,1.3715579128895552
RDEN,1.3397626578872819
NDAQ,1.4528046347473542
UHS,0.86397165834466572
MS,1.6537342106793691
MR,0.82149550821050576
IND,0.55067876962025808
ING,2.1110356873071279
GB,0.85842782605266632
TIF,1.3625628699614341
ORI,1.1517550819667965
SSLT,1.5254486915037715
DOM,0.26609904121845929
EPAX,1.2758182827621831
EPAY,1.3099459463626624
ORIT,0.76491020018231648
AMGN,0.60868057622463079
COSI,0.53944583182033501
DOX,0.74946153506807067
COST,0.71212837734738443
HURN,0.79525924567562545
EBIX,1.2386481637305313
HURC,1.4983797731458217
DOV,1.2751278937758055
DOW,1.5804380710455304
SWIR,0.9354709695667015
SCHW,1.3403590328597286
CNMD,0.96078440236622376
POWR,1.584632977892924
PBI,0.9090148782607621
LOJN,0.89800720606779061
XXIA,1.3079105412595635
PBH,0.94793457086727806
POWI,1.0170987589834208
POWL,1.1485791132298298
SCHN,1.7441209629618044
CISG,0.86121784373361887
GIFI,1.879500078522613
YRCW,1.7306060451933245
F,1.3357863351919947
AUO,1.1725969395725588
DPZ,1.0855638715761056
SUSQ,1.7580206723766676
SUSS,0.83620507936153687
VPFG,0.76973705596623443
KNDI,0.72453710252669912
AUY,0.84975121302972423
MATR,0.33114424526177272
CAT,1.3238506166540225
ZAZA,1.768126359526377
SBS,1.2695573573205454
ACPW,0.65435479915820949
PUK,1.6276219974444697
MMP,0.4924810542293756
MMS,0.71101772937550733
MMM,0.93989832610706703
LYV,1.7200897389802321
GNCMA,1.407047099439966
SBH,1.4421743715316562
QUIK,1.2612128684072261
CTSH,1.2092616846764368
FFNW,0.88418577421485844
BAP,0.90576027486429667
AVP,1.01572560360442
BNY,0.068483654515339665
BAX,0.57975352913730349
KOF,0.90407972355974442
FMBI,1.7309694864257206
RTIX,1.327234418407407
ERF,1.2263871199234408
BAC,1.5503722172400423
LTON,0.29776624380451705
HAL,1.5355920647977888
BAM,1.2814272761764962
BAK,1.3178126893059319
ERJ,1.1960808632539162
ADEP,0.42789744829148912
QLTY,0.63981487777010648
SOFO,0.29770285618609482
BJRI,0.98374413012436079
MDCI,1.5600210825775886
SIFY,1.0801169963381634
MDCO,1.0570948462114087
QLTI,0.59599011296509075
MDCA,0.5318069836836633
FBNC,1.320135436274545
STE,0.8276498507518838
SNV,1.6076779405622756
NEOG,0.91594919395857777
STC,1.3721491151624836
STL,1.1836875715008741
STM,1.3196051504143638
STN,0.97527115265439979
STO,1.3797142700280665
EVG,0.210651862182204
STI,1.8172296671654142
STJ,0.66162698133568432
HAE,0.56737736586892673
WLFC,0.29190967002510088
AVD,1.2441693215205052
STV,1.0755491596024764
STP,1.883959082981987
UDR,1.4333991465776523
XNPT,1.0921214202051668
WSFS,1.1532652314163432
STX,1.3551197357745906
STZ,0.82742985533711477
CERN,0.91676854863746626
GENT,0.33229554538386463
NCS,1.7048805139053322
NCT,2.2691352025685099
MRH,1.0350430546961975
NCI,1.0039522917869976
CERS,1.0808456538642708
NCO,0.096112559305773657
GENC,0.298022170055951
MPX,1.7112916367824638
SPTN,0.79430844469312245
ECOL,0.90181202733034338
LIN,1.9974661685703969
DNDN,0.80182384105532922
CPWR,1.1237409669579503
FNF,1.0321696522456363
NEM,0.70569881649614119
FNB,1.6787611443579162
ACG,0.067802978032825617
BNA,0.080326953977574472
RT,1.6610223795777497
PIKE,1.1667083310325421
WTR,0.64052696763140493
WTS,1.2423992580829186
RS,1.7613758394600105
MAA,1.2040622361707003
GERN,1.4832936500553808
RY,1.1455939559074684
RE,0.78223099219879788
RF,1.8606994197135971
DNP,0.24445070085122755
RL,1.2855634126826996
WTI,1.9921928574042922
NED,0.5404606550877864
QGEN,0.81475355186536302
CEQP,0.61985363238224456
TPC,1.6257090112297179
TPL,0.63512418848192764
HRS,1.1401251116771032
HLIT,1.391771355541104
ATAX,0.04264331804514223
HRL,0.42775035690251262
HRG,0.40674261166339826
HRC,0.89744036883935363
HRB,0.86495945508636796
IDIX,1.3779554737285491
LGCY,0.77828486451239154
AEB,0.60976702456922216
RHP,1.9454439297482453
NTES,0.73500603974043177
LAKE,0.33823943574155285
RHI,1.2670970055470598
IVAC,1.4646057020584713
OFLX,1.0962227512365232
WFM,1.081081274397953
FCFS,0.83996388880439676
WFC,1.4433778618356459
WFD,0.8525860658736637
CHTP,0.76511875295367937
BMRN,0.9316693156164112
NTT,0.39228712180378111
COLB,1.5641485295496547
BMRC,0.47264543977519685
AED,0.42750291283879094
HSY,0.4888258452451697
UGI,0.625823703390046
JNPR,1.207918465326705
DMND,0.56606352601138343
GGG,1.271472700154217
RTI,1.8277941998515905
RTK,1.6898074911474605
SEIC,1.308800078279744
SGMS,1.5189371239217939
ALNY,1.0938575989359753
SNSS,0.44402594455245314
PLNR,0.69142747595209642
UGP,1.1057915214060072
DRCO,0.64288264553932084
DISCA,0.9621611277113884
ENB,0.73511088856220108
EVOL,0.38311753219030215
OXY,1.2776876188250097
AEIS,1.3926914090102152
ENG,1.6496092675475587
ENH,0.83484585556513824
ENI,0.76848230730315303
SYT,1.0112070889115952
OXM,1.6011626723982162
ENR,1.0418829254250617
ENS,1.4301981940405835
BTUI,0.41516539794435148
ENZ,1.8077109505330857
CZZ,1.5967425138431743
FBRC,1.2685762772634535
OCFC,1.0493915437672869
TEN,2.2997101720584503
EQY,1.2952090994023266
WTW,0.77001416890790431
WCC,1.6489802664553732
LXRX,1.8056172032256947
LEAP,1.2041435095143234
SMRT,1.5656412471131549
RSTI,1.3304691033855016
CLDX,1.6125238536168816
RGP,0.74544512479510472
CVGI,1.9514073057866324
ELOS,0.87567019205927754
CBST,0.757663310486967
ATO,0.66515894712164148
UTIW,1.2408376045070209
MCBC,0.61649180476315568
GGAL,1.1039920444183298
ATW,1.5474263014019702
PLXS,1.3902109139827026
PLXT,1.6113945562040761
ELON,1.5024406690981591
CBSH,0.96448361564129703
MERC,1.4728907533918598
ISG,0.71439093916552598
CVGW,1.0681940926220124
ATX,0.56628159287949154
EGP,1.1890224716232527
TEX,2.0597100596306608
ENOC,1.4352423826759231
PAA,0.43927897331379862
SASR,1.4177712644578295
DGIT,0.9826221399129389
CACI,0.71998574070633248
PODD,1.4902146080354606
HTGC,1.2190975829402815
TTEC,1.1113384037670759
SEE,1.0830929929850543
DGII,1.2860960252949605
TTEK,1.1621408313001711
PVH,1.3454116678709738
LSCC,1.4512643376679331
GGB,1.8215134876297503
PHH,1.1944261991996745
CLH,0.88662776316459602
CLI,1.4580084562357412
PNX,2.5582350891028902
CLF,2.2901721674422291
FRO,1.5634010472761788
CLB,0.92655404625662907
CLC,1.1034467567653499
SRDX,0.89680067415105436
CLX,0.50725798554039214
FRT,1.1854936676551788
HAST,0.18349556148072943
HMSY,0.66521936171125629
FRX,0.7853661044031387
CLR,1.9433458126985144
CLS,1.2627452227571472
INFN,1.4355650124102415
SNMX,1.0593057934185539
INFI,0.61692827534448402
COBZ,1.0813403358171148
ASFI,0.65301011135019249
ZEP,1.3789823376554355
INFY,1.1095227135890522
ACCL,1.0079099670879432
ACCO,2.0896467196603137
DM,1.1909238414756143
SWM,1.2083158737798416
LBTYA,1.2559590668179741
TTWO,1.0944490810575866
CORE,0.84816714238820734
DF,0.82439686954916402
BPK,0.03141315708770806
DE,1.3683004880079048
DB,1.8179437548385242
BPL,0.46013227638829501
MGLN,0.64437259328955498
LBTYK,1.1989837584042513
PMFG,1.8127180188285905
PRKR,1.1935714463890883
DXLG,1.5629464538123892
RDC,1.8173296710206626
BPT,0.66829562270874721
DY,1.7680997974475965
DV,0.62848707808473925
DW,1.4475451230380116
SWS,1.5063556853592504
BPZ,1.8550274822683726
CRH,1.338789928489081
CRIS,0.87105496834585283
TGS,0.36159730378310428
TGP,0.74500532976223077
NANO,1.4268738393582057
HBAN,1.7279401844807512
BOTA,0.99439576792898077
GEOS,1.356683801227244
SCCO,1.6785139003515881
TCBI,1.2443275858618636
LPHI,0.92357783298164042
TCBK,1.3070059417696589
TGA,1.2305989397366477
ATVI,0.77693459526075337
TGE,1.1756019555184336
TGH,1.484576754936161
TGI,1.230464894513625
MYGN,0.63197080744867751
BPFH,1.7226086748569132
NCMI,1.2433926855079487
LMNX,1.0116368500431121
MLG,0.073463807182610891
INTC,0.9593657383143761
WNC,1.8905817530978171
INTL,1.0290120788347592
MLI,1.366809687975006
MLM,1.0648597047368189
INTU,0.87815151226248411
UCFC,0.96217971156625159
MLP,0.96616988296083872
GME,1.0209328282979619
DHX,1.48813734432487
BOFI,0.6158528708634281
AZPN,0.68118873641758937
RGLD,0.509619349703473
AJG,0.70016690371619417
RNST,1.4214712677728734
CFR,0.99395893653173117
SDRL,1.5638635917583712
NRG,0.93913665689106329
NRF,1.401091669257029
VICL,0.76533443818951441
GIGM,1.108216761904792
CBEY,1.1490799830098581
SJI,0.66682016724706572
GTLS,2.0740325461047453
NRP,1.0352529179991721
PX,0.94914871202828033
OPLK,1.1550664464128504
ADC,1.0924282123170972
WG,1.7856867168814934
WF,1.6057707356530082
WBCO,0.64772282755204202
ZUMZ,1.3793676786054958
SJM,0.50000304618407954
IIVI,1.2990650087058353
WU,1.0654466412384529
VIMC,0.51059840562434167
WR,0.69762598374385609
ULBI,1.0656272315389843
MFRI,0.46315899596033178
DKS,1.1963365393496472
HSC,1.439812806303018
OVTI,1.3177969787673329
ARII,1.8189687053803141
OMAB,0.83904452024122489
ANW,1.319131555553722
HSH,0.80127188263753468
ARIA,1.684670137188534
RIO,1.9519505614742512
HSP,0.75174387877415516
HST,2.0894655050222743
RIG,1.3305659977376978
GMT,1.3946442479549401
BUSE,1.4142412491442804
HSON,1.8537555553305292
HSOL,2.0310179012567122
KNM,0.73265698987067185
IART,0.89409125322753924
MED,1.3982651280288612
BNS,1.1918065640317095
KND,1.2900031353181804
EQR,1.5106158071010953
EQT,1.3314903494661881
BNJ,0.12225873744347431
TRMB,1.1936715436826979
CIFC,0.44686928687770999
KNX,0.94239422087963698
NTE,0.83610398608205772
TRMK,1.3102451064321938
HAS,0.80950446094542872
LVLT,1.09467541515502
TOWN,1.3786527964098854
RBCAA,1.2150493289733153
LXU,1.3924418800214919
VIAB,1.2019127055741907
LXP,2.024707172963522
SYK,0.73645655482578776
LNDC,1.0274609693313601
XEC,1.467749681075059
PMTC,1.2127638766806876
JRN,1.966842645615513
IIJI,0.85039130102444016
SYY,0.62024646457718002
SYX,1.102922435992244
LXK,0.82909420117996335
EME,1.3914708196537853
RGR,0.83524670103513166
EMF,1.2268147623620993
EMC,0.9786505640075841
MHFI,1.1752362878589899
EMN,1.4117984697637165
HELE,1.3765641424007757
RGC,0.8474519328565997
WTBA,1.8978908720970242
EMR,1.2125772701147706
CNSL,0.81507343189101145
SMSI,1.295440181659254
LDF,1.2734804214092934
DCTH,0.91451628842956556
LDK,1.8159064087546324
CCMP,1.0489729057389954
LDL,1.3485741420133897
LDR,0.85746149793002169
OLED,1.5181621913405594
CLCT,0.19645943827485091
TMUS,0.97397588287594195
AFFX,1.6252025237900178
CLUB,1.5081973874355996
FOX,1.4373393586637953
SYUT,1.3759678365577237
FUND,1.0431149159635029
BXMT,1.9231865884397172
PDFS,0.68904826660818563
DGAS,0.25611412903423136
ADVS,1.1087695843240382
AINV,1.4826540663658623
FOE,2.0674057589912174
MPEL,1.4304869460636089
ULTI,1.1245288418791692
MKTX,1.2973769535400506
SI,1.4625994548466024
MPET,0.57327684109592303
ULTR,1.6529442454775272
DBLE,1.417392809016631
AON,0.67134451892278857
WMT,0.48529650066345265
AMOT,0.52808359218585532
COP,1.0548090233839944
COT,0.87204948285996986
COV,0.67721887286325744
FISI,1.7866901271378999
PEP,0.51895419768433526
FSM,1.1542216760734403
RELV,0.1576158969308038
DAVE,0.45232929682241851
FSS,1.6926216840630741
FISV,0.9268554014204462
AOI,1.2387033442971884
COG,1.5505134692630007
COF,1.5413951102650316
COH,1.4216525699733245
COL,1.0138598820469311
COO,0.8746286326899263
PZZI,0.095878666215847841
PSO,0.91874104657549893
PZZA,0.83125518012200317
PENX,0.94009771686586474
DLIA,0.62426259540085205
CASS,0.90536366854535033
AMWD,1.2866574990674435
COCO,0.8413368351948971
PLUS,0.37792058345033064
CASY,0.73433231960474332
WAL,1.5292039866517695
WAG,0.7029458031780087
MRGE,1.0476006373009048
CZNC,1.4238395213459549
KNL,1.3006444601606892
GLCH,1.8487265258894379
WRLD,1.396312767070927
CAAS,1.0736861569322431
GROW,1.6142087791020658
NYMX,0.43271250773193043
RUK,0.9155542662188465
CGG,1.969862766152914
IPGP,1.17307023123206
FCEL,1.7801168165592147
OEH,1.8369287865625235
HCBK,0.95374709816243985
VHI,1.4683540881661805
UFS,1.8100776734925725
TYPE,1.2797291749449176
DIN,1.850920058207592
FNSR,1.8483028649751057
RECN,1.1143348947036069
GNW,2.381548330736647
AIZ,1.3280271704329141
JHI,0.13768830937288387
AIT,1.1992472316494414
AIV,1.7997560681060216
AIQ,1.0226737233316245
AMED,0.98316125200932969
VDSI,1.3222358013663318
AIR,1.4257323364323768
JHS,0.11244848080405392
AIN,1.6617569747384096
CUTR,0.61268423726770915
GNK,2.0027684443826437
AIG,1.5556656196825462
GNI,0.35814958898658422
MCK,0.69493935663760231
DIS,1.0661437459618812
NSH,0.51439366363693007
WWE,0.71633872434026635
MEAS,1.5445960432417443
NSL,0.32677311995135738
WWD,1.6289570045621355
MNST,0.67696711953307487
NSC,1.0884919607927317
FHCO,0.574987400440093
CHH,1.0204458195469355
JRCC,2.182835611159784
NSP,1.1820175552566665
MSO,1.3844425864098238
VPRT,0.91458577466005864
NSPH,1.823974297860127
IX,0.9512773890753754
CBRX,0.92790037482860355
VOLC,0.97912934080824243
IP,1.6558525857211772
STRL,1.2347219031812144
UTHR,0.69350812876824075
UTL,0.38827350214330331
URI,1.9701471591239894
CBRL,1.055766545739008
IM,0.94313215700241071
IRM,0.96545033831274474
IO,2.5622338068833139
ELNK,0.68186160769221638
IRC,1.4514544689009647
LII,1.1820279896728847
IRE,1.7599208485936426
IRF,1.1187874359838843
RCKY,0.82598279819279208
SPRD,0.62022811156942725
PWR,1.3000397946779705
TXI,1.6914376111042992
WY,1.3618470926115915
ASYS,1.1341971929558432
NUTR,0.82288073696160091
MRO,1.3147238996771413
DXCM,1.3401848252072277
ESEA,1.1927473973968039
TW,0.72217576552193763
CHT,0.53600813114105406
RCKB,0.99117767880520691
OPK,1.296492719876448
NAC,0.092676600826429256
HBI,1.2170561093093675
CTRN,0.91460776044395553
NAD,0.13144185866684216
RRGB,1.2228842148716785
WX,1.0995835379363941
FTEK,1.5339013338183549
MRK,0.82361952869702915
EPR,1.4691685827540719
HBC,1.0383097099679079
TIVO,1.3104347135176435
CTRX,0.71003991951711654
SHLM,1.3243162799364396
NAT,0.93012031791014094
EPD,0.63289184299078238
CTRP,1.0895627843120503
SHLD,1.3618574580897216
WAFD,1.1416727896615613
PG,0.54953828387519144
CENX,2.4471201046429147
MBIS,0.46214804474697413
JOSB,1.0643472702583914
SXI,1.3464364594953975
ONTY,0.53353101613540532
SXL,0.35803067115238019
CENT,1.19093395363155
CGNX,1.1411126161273502
LYG,1.8041232839471368
SXT,0.95354383618687399
VVI,1.2079439945210073
VVC,0.61372434527823461
BWLD,0.99442873606729743
UTI,0.79672875042883717
HAFC,1.164800140112757
SAFM,0.62497354323990861
SVA,0.8074392271926194
DSCO,1.0541714116718168
HOFT,0.99261419099747328
SAFT,0.86148622596597368
PES,2.0659598258536311
TTHI,0.54562124938349932
TXT,1.583753743692867
BOKF,1.1266106998110241
PEO,1.1325978484152071
GXP,0.67945236459305014
AMKR,1.5433894152068666
FST,1.7618836434149192
TPX,1.6517579366674879
ISLE,1.6002667364401679
PEI,2.2834800282122814
FLY,0.86625292518079933
IAG,0.78553477156171758
MTRN,1.8652776321183904
HOG,1.6205372193947294
CPHD,1.4850600012104769
EXH,1.5716078428081821
FLR,1.5596409010570049
OSIS,1.0927455898608143
OSIR,0.87067319344119065
FLL,0.38636408272310263
FLO,0.42213356396676338
ZLCS,0.99877454302888813
UFCS,1.4683748905833802
FONR,0.36156578621506158
LKQ,0.86735398599985947
APH,1.2169552495809284
EFII,1.1086649711366749
TRI,0.88255319929706311
BDGE,0.57450491501371781
FSRV,0.74823097903253222
GRT,1.6535460156587172
TRC,1.0442099319396911
SFI,2.446433110242384
TRF,1.4019555515137849
TRQ,1.3883390747944264
TRP,0.72562447540116093
TRS,1.5209465680836072
TRR,0.89954084530082445
TRW,1.9046883381899566
TRV,0.92130652693246695
HTD,0.77927087543841767
HOT,1.6619110863757156
RTEC,1.8327011477949848
HTH,0.61336764280636591
LCUT,0.75757704271886739
SFL,1.5060915476185097
HTZ,1.9058758085210163
SHBI,1.0758822109037827
SNDK,1.5819899993760509
NXTM,1.0419513762053356
SILC,0.61048624895484271
BMTC,0.89772356168023548
ASGN,1.4769141415483289
KLAC,1.272626477985394
NI,0.83633636963660329
NJ,0.91472009237649798
NIHD,1.5542714877794854
NL,1.3151639670953088
NM,1.828525603842682
AGYS,1.7030690655316194
RRD,1.339103517666556
RRC,1.4404229466724798
MCRS,1.1028001671329335
TNH,0.71209904457641415
NX,1.4185165646436837
MCRL,1.0734115558006903
TECH,0.62308613054952422
MCRI,1.2295700566415391
TECD,0.99493046663738394
DMLP,0.76570588550965235
NR,1.6676790909848789
NS,0.51133664412813551
NU,0.61964273987802776
ELN,0.99311523542408442
SHPG,0.66476691598800164
RDY,0.76984978866455722
WCG,1.4503739294632059
ELX,1.0670103154805437
ELY,1.283630211199134
HDY,1.005746335886524
BCOR,1.0139921830750871
PENN,1.2240170400390977
DRAM,0.39810670386512292
ELS,1.3068554913232227
ELP,1.0587423790303725
RDN,2.9293821551169756
RDI,0.32497631380841591
ICON,1.3501723433581074
FBR,1.6885630087537797
FBP,1.7325121706433377
LEE,1.6500666411020761
FRME,1.537647989895744
LEG,1.2312844110498824
BIDU,1.1938037755281545
LEN,1.6446305299852277
FBC,1.6466862431909672
IPAR,1.4074168525092678
CMTL,0.73177011436437855
USB,1.3746300448992739
AZN,0.71120750183444814
AZO,0.54570039589987196
USM,0.98315675244052469
AZZ,1.4100162747945686
SEED,1.3512472806572269
MXIM,1.002953017344614
LDOS,0.51455969445355632
XTEX,1.2371273781386742
PCAR,1.5241197986935719
OCLS,0.74466791338039373
SGY,2.0722173002428144
SGU,0.26977166569396183
TTGT,1.4130855098280983
SGI,0.90218405735071139
SGK,1.1971986852002963
MCY,0.89213243823631672
PXD,1.7063514003571774
CNW,1.323677727790298
STFC,1.0852601190064681
CNS,1.5908525855107591
CNP,0.68464757611010463
CNQ,1.5597398694529916
ICB,0.074585807816201749
FPO,1.2622257635678866
CWST,1.3723870926316897
CNX,1.7733659075691497
WAB,1.2532788001992605
CNC,0.89817088014587698
CNA,1.4339734685701244
CNO,2.1980218584016828
CNL,0.73253250692309801
CNK,1.0779935502648792
CNI,1.1014966615545319
PFE,0.76268470015991641
PFG,1.9807109146191129
MRTN,0.92623721179001484
PFO,0.53237964933460213
THOR,0.80566150614830589
PFS,1.4249583647745316
INDB,1.2105038573316262
CATY,1.8251006533887257
AMTD,1.296806960551796
PSMT,1.0708909497811563
PNRA,0.81107092651325907
UTX,0.96231901159322464
RYN,1.1373339698929901
BMI,1.2112905045157381
JBHT,1.0709428460661585
LSTR,1.0038595598726172
SIG,1.1908173440315588
JWN,1.4942831919680031
GAIA,1.3319528653258419
EXAR,1.0261765476775846
ACET,1.3593203416664226
SSYS,1.1160679417661499
WAT,0.94975736800465771
TAP,0.5842738136559722
OIIM,1.0126471043572425
AVAV,0.82134953343170247
QLGC,0.96574199452282339
MDRX,0.94462743507604019
NGLS,0.958639644411035
TAC,0.87956282718399348
TAL,1.7139824774296104
TAI,0.10699763113769731
CSIQ,1.8557098984415099
BKK,0.03064424478775038
RJET,1.1879533907196529
LIOX,1.4669016536738995
CDE,1.5740544819291689
FLXS,0.10841902496566419
LION,0.40710523591098946
GIB,0.74218400810713403
CSII,0.47352018592114725
AMZN,1.0921285783276722
GIL,1.1428935662056552
NPO,1.0428963561729048
PACW,1.6431091024308015
PACR,1.6644622525453552
MENT,1.4087745792482016
NPF,0.10166444313125901
CTCT,0.9112414924187735
AHL,0.80890094512189903
CTCH,0.51512942343017865
PTEN,1.6567459686867321
PTEK,0.3690584776853183
CTCM,1.7129696269699117
AHT,2.0678043677065574
ITRN,0.71843070689984034
ROIAK,1.5889027791222536
ZOLT,1.7437033456342577
USEG,0.89395949529755137
GCA,1.1635213334715075
EMCI,0.83300195904252305
TSM,0.98270630924069913
WBMD,0.56637361647912543
GUT,0.55119304808476821
TST,0.73494796999314216
TSU,1.1271918246504327
ICLR,0.80802294782081308
APOG,1.4582611802607381
KBH,1.7461927171099645
AROW,0.97576322889389755
HUM,0.95432104611705704
APOL,0.61859890131032735
SHW,0.72286154758207244
PLD,1.8526653050433175
KBR,1.4341166279255289
CMCSK,1.0821682896400819
NFG,1.0341929506115091
HCP,1.386924391414905
BLX,1.1633588778858082
BLT,1.2375571508681944
KVHI,1.135811997972118
BCRX,1.5118732206438992
FFIV,1.0468466660533571
MSTR,0.88313954011349804
BLL,0.8950315190904361
FFIN,1.0501450433224675
BLK,1.3502163580639617
FFIC,1.1039957957957012
HCN,1.0745725600826259
NFX,1.5975625304561887
RWT,1.2090199613102772
SAIA,1.3648044500126328
DLR,1.2263026035526556
PRGO,0.70999880573012863
PRGN,1.4753931377939922
PRGS,0.96746520933163349
LZB,1.7525476597433201
PRGX,1.2071971231581027
REX,1.4102618237999516
RES,1.7788279200718766
REV,1.4922737716674619
IDTI,1.1935613019881428
SHI,1.3559784956143512
MKC,0.50173489945536731
REG,1.526657832096004
FCS,1.3885765350288368
LFC,1.0942879537636216
FCX,1.7554230849645016
LFL,0.94012479581333364
PWRD,0.82942342225827903
FCF,1.5495873581743207
ROMA,0.79288584212269497
FCH,2.6784873129376816
FICO,1.2202607868291027
FCN,0.50074537149588072
LQDT,1.1190278924281039
NYX,1.601458634687168
MKL,0.90230830542896245
FMX,0.95026910949180388
FMS,0.69605515545943075
SMCI,1.2142395207210481
LTD,1.3297437209772767
FMD,2.0079523117414504
FMC,1.2682428568145752
SPIL,1.1727909026950827
TSCO,0.98566459168556264
WASH,1.3100275593428272
SR,1.4470762259469523
SU,1.5443347172326778
UNFI,0.83078361596870043
SO,0.40459885482774827
SM,1.7175321149268847
SA,0.61665230482237754
SF,1.2709234634909348
SE,1.0093118124190741
IBM,0.77798318926963317
IBN,1.6712422072993003
OXBT,0.12878174764921271
CAS,1.9112091573174774
IBA,0.4133676765104658
STEI,1.1859877908362204
STEL,1.6761060149204714
STEM,0.97205695478819143
CAJ,0.91904745626524442
CAH,0.80175224592885375
CAM,1.5665591829293091
RFMD,1.5786470048284806
CAC,1.4300615559228771
BNCL,0.79243925369892665
IRBT,1.3404022664774848
CAG,0.52955220254543023
CAE,0.82862883073390869
TBI,1.5162178086233102
PGC,1.3439226825700237
INCY,1.4380300197970652
ASIA,1.3492698961545742
PGI,1.2542153527404594
PGR,1.0728542464930948
SSI,1.5939922105563191
FLEX,1.6627337787341381
AKRX,1.4533868622272237
ZION,1.8882427759409723
MMSI,0.8349303546985396
RAIL,1.3110160996569524
PBNY,1.1836875715008741
SIMG,1.3446262062414531
UNTD,1.0642669850924329
CACC,0.92937033130905267
CACB,1.6999928576384351
CHYR,0.74949977171102755
ZIOP,0.61022783517226598
SIMO,1.3174332722841464
CACH,0.92086200816754615
GLAD,1.3032385642764606
WCN,0.67365291717775877
ARSD,0.58413174181683591
RSH,1.1074584692410505
ALKS,1.0406234520542146
RSG,0.90930100356491006
BTH,1.7214965356115681
OGE,0.78512703099217807
BLKB,1.1461572530820479
CDZI,1.3024255539783782
FIG,2.0118686255983196
NUVA,0.88723132638833802
COWN,0.91987412345863873
PPO,1.5810671192902415
MIC,1.3270710888884243
ZNH,1.2813456676326882
HDNG,0.60409310414295025
MIG,1.0881125630465398
RCII,1.1069065075285607
CSFL,1.3702117894423247
KALU,1.4846658329254205
GHL,1.1104726145320125
LINE,0.72139821549812944
FXEN,1.9418465241939269
LINC,0.72801710677091758
BRLI,0.7842975602302954
PLUG,1.5707364329805749
FII,1.095764710782011
NQU,0.084830688759227904
XRAY,0.897963351703849
LONG,0.27484296740377301
NQC,0.080127939446757154
CTBI,1.1593646612906157
SOR,1.0240640094327484
OREX,1.2367511015109325
MEOH,1.2154103239392
NQM,0.047927016332393865
AYI,1.2508488309889016
URBN,1.1454084138633855
PDS,1.592336368247373
AEPI,0.96392716567843784
L,1.2226878554181173
URS,1.2156329178736835
NSR,0.79512446744714704
AYR,1.6834359811491439
EGHT,0.61936791436431249
IPG,1.4713742641992567
SFY,1.9293900247034399
QUMU,1.1101690240667759
ESGR,1.0132418089595805
BBW,1.6211560476742326
LAD,1.7740813687680346
PRXL,1.297351903113527
PRXI,0.27235861229835312
SFG,1.4162414415325242
SFE,1.6500628843783773
HTBK,1.1653516163357369
ACTG,1.1953821735193397
KSU,1.4137345036705002
BAMM,0.68663476699498638
TECUA,1.6501139577590722
KSS,0.96741295837042429
CKEC,1.2140507193747712
EROC,0.78881739615863666
HDB,1.4353074330337661
NGS,1.6048389624834576
ISH,1.1746251072502796
BMA,0.89110886858279958
DXYN,0.382167933676966
BME,0.49037718334420161
LAYN,1.5612010671014085
MGAM,1.0209360408472774
BBRY,1.1274312667754214
BMO,1.1145313026962334
BMR,1.4719852209782887
BMS,0.91030445096357882
YZC,1.640823140540691
DENN,1.4629838223744058
LNCE,0.64166364669748954
IIIN,1.162255881749328
BMY,0.64468795359534659
EL,0.9606434182345065
DTLK,0.69391770730962032
EJ,1.4536540584529194
EE,0.77691479400292196
ED,0.45059934804395119
PMCS,1.2799567702862862
EA,1.0992248223452434
JTP,0.45774256055638768
IT,1.093560004300913
WAVX,1.3487690637606775
SHG,1.4125549537450501
ACFN,0.6196756072219457
JTD,0.84870555074509957
EW,0.55325283003743042
EV,1.5538802707791763
JTA,0.93230057829323321
SHO,2.0689059137557289
MGA,1.2096804113403927
RMT,1.1166366747813687
USTR,1.17688068871424
MGI,1.0200357060068057
MGM,1.9905112760816848
NASB,1.1230674690273283
TXRH,0.93696641219175181
MTN,1.4956027160329546
CNBC,0.49627292229850989
LUV,0.99490271504095218
CMN,0.97993555815048961
LUX,1.1544068894641355
STXS,1.4104448209552289
FOLD,0.97225798477793735
LUB,1.0112517884804459
OTEX,0.67629681994013169
LUK,1.6372752344893302
ADSK,1.2425061682651313
SVU,1.0064901190958018
AFCE,1.3423395690711601
APPY,0.56007088840731689
MPW,1.3482417328106386
WPP,1.4421149384174337
MTG,2.6022204288353201
DLLR,1.1999681203711754
WPO,0.89182077833252393
QTM,1.8133806919411253
PCP,1.2084708188357038
AIMC,1.7441782058986419
WPC,0.61203872211994925
AVNW,1.1873273191429332
SLXP,1.0653461583831239
TLP,0.30394912362221088
AVNR,0.76389982351255159
XL,1.5426572442932542
CMC,1.7314957900648822
GTN,1.8841094232786566
ATML,1.1563710642212239
BFIN,1.0137148963763849
VTR,1.3992580171058706
ATMI,1.2674091313728417
TLK,0.75602646540714002
GTY,1.219644332529958
TLM,1.4410938862017666
KEM,1.5617585600756974
BIOL,0.54175121183031028
KEG,2.0079146799987622
PCH,1.4411126641918313
ARNA,1.1011559019586223
BHLB,1.0104651810603096
LNC,2.1050110802492608
KEY,1.6627206654993598
KEX,1.2191151158480684
HVT,0.98428370108181062
KEP,1.1813108275506146
CWCO,1.2796558270037477
VSCP,0.57269225378036337
WBS,1.8050359779840366
CADX,0.86558326219207982
DWSN,1.6154377198431336
TDY,1.1144924453485281
GNTX,1.2833020064911793
WBC,1.4469247953754936
ZINC,1.7575579826723993
FWLT,1.7748120816939488
VSCI,1.1003236835333947
SINA,1.2150390697594469
GPN,0.86631072746088444
RPT,1.3580185898859103
CMS,0.7142724711976981
UVSP,1.3550204679129978
NPK,1.0701083615869402
NWY,1.6515879972939862
ARRS,1.1474302790163882
GTI,2.0263796378793555
RPM,1.1356343567290574
ARRY,1.4204899212695863
AKAM,1.1809071238223927
ISF,0.65121599665011831
BEAV,1.6914538398396748
M,1.5642687929018222
XOMA,1.2972403809501916
HXM,1.6497751405160688
HXL,1.702390291193653
BEAM,1.0952666890855092
UACL,1.2192757024547991
ALXN,0.75034185434132228
ALXA,1.1411880295833683
ICAD,0.58062058325337562
RBC,1.1650231286288166
RBA,0.68685353177273378
IPCC,0.98900496200119248
TESO,1.4695051729968283
UBNK,0.7597997975107964
ULTA,1.1687882703909134
LGF,0.64638220458294504
PBCT,0.79017660511852006
AMSWA,1.284447403788715
NKTR,1.3379262548229569
IMMR,1.339844782476121
IMMU,1.3460171576230802
ROLL,1.3666624156557572
TESS,0.34454047124580833
AXS,0.80816497954303423
AXP,1.4662121120090288
NFLX,0.74520325808277199
PCCC,1.172959998978222
BBX,1.4380771850979273
FNLC,1.2314308158816654
AGEN,0.80690973134053912
AXE,1.2477421998456157
AXL,2.1878056175844214
BA,1.1342452714406663
KCAP,1.4022958163461365
ACUR,0.87088936085248614
PZN,1.1146336210629619
HK,1.85321242390041
HTCH,1.5054562577840729
HTCO,0.5318044305734233
OFC,1.3829765274710608
CLNE,1.5220630637496844
OFG,1.3332620694627269
EXEL,1.5606590210176585
FITB,1.7944692033325516
CCK,0.80665581343044268
VALE,1.5742681171368802
BGCP,1.4891610536729649
NYNY,0.88109123732666661
VALU,0.6464783573027022
BOH,1.0508242025706931
PHI,0.4941162521808552
CAVM,0.91966640171355185
PHM,1.4989109307506838
PHA,0.26650789872854619
PHG,1.4843258692255135
PHX,1.7300727207621582
BRCM,1.1429710599601424
FFHL,0.84637637121180043
BRCD,1.0634877434838048
PHT,0.54534778339274637
SKT,1.2719700067056448
JOBS,0.56366322350423148
SKS,1.6028209090268812
SKX,1.1099968832676024
ESRX,0.85033543516931265
IGT,1.3632644190009304
CRME,0.93158640360154998
GSH,0.97211427071810941
SKM,0.74514342678851353
TRST,1.2423432028908676
ACGL,0.70033217069742859
GES,1.5097418516121874
MFA,0.88584984306411663
MFC,1.5591649597017738
OKSB,1.5756101662543474
IXYS,1.6354863631066805
AMNB,0.41692614065799011
MFM,0.15113784712086964
TCP,0.30542179286866311
BOE,0.81171820368672809
SNPS,0.7467782987811824
GEF,1.179156573754891
WGL,0.67055313221143942
HWKN,0.59084879474430885
GEO,1.008474588151627
WGO,1.7992182391564508
GEL,0.80605918645291919
MHO,2.0568626328793105
MHK,1.5526003180076091
IBKC,1.0088120885339542
DDS,1.6404303958713604
DDR,1.9148110581971141
MHD,0.145574763368403
BBVA,1.6081628487163582
CSGS,0.88155323802760899
SIRO,0.90940151645479816
CSGP,1.0173714513992833
REDF,0.89485753646814725
IBKR,0.87657016809068677
DDC,1.3419713090489558
MHR,1.2740437829472531
DDF,0.76393080923530798
DDE,0.72518559303419705
LIME,0.3483107723907537
PAAS,0.84771501914275016
ANF,1.3891436457074957
NVS,0.57335918808052466
NVR,0.7814660889124716
ANN,1.4872275988028361
ANH,0.61174972811710249
UCBI,1.6709411223037103
MCHX,1.42069408119304
RNWK,1.3041184334986329
MELI,1.4888931367279645
ANR,2.1597393217183756
MCHP,0.93693074910923302
MELA,0.82100684967972337
CRZO,1.9038473283138622
MPWR,1.2816022341482696
MOLX,1.3240509954502913
BDBD,0.81803504299028662
REXI,1.019945236873723
ATLO,1.1482079683985416
GWW,0.90238409837752231
GWR,1.378791578095734
CLGX,0.95493209631521747
TMK,1.2888700480834911
ATLC,1.3534031913865134
REXX,1.7964873138275759
PRFT,1.4573627426725511
RCI,0.82303469353068115
NJR,0.68194415216851523
OMEX,1.0479623987476074
NSIT,1.429281512373898
OPTT,0.71274812697959411
HSII,1.1466579607065017
NATL,0.94480161631063109
ATRC,0.423735807596335
HEP,0.43842439854565762
HES,1.4939660788199434
ATRI,1.0098908227848833
YORW,0.47563557921895605
ATRO,0.90766735704033463
LOCM,0.92018118254331616
NDZ,0.72925219003060948
KRO,0.90028070269513616
KRC,1.5290000413449323
BCPC,1.0767940271058654
HEI,0.99009382863459039
MLNK,1.2270661288772637
TISI,1.2289610943825942
TRAK,1.1723742060629392
MLNX,0.75682347613728118
FFKT,0.75413720555230157
MBFI,1.4243733596436585
BJZ,0.039513580624821729
CBI,1.8313947400484563
NCP,0.10414310784299788
EIX,0.73468471692983894
WSM,1.2709571361586836
WSO,1.0573443128969218
RCL,1.9765566226213309
SVM,1.3600805100209534
CBL,2.1975552284633242
EIG,1.0390372743188128
WTFC,1.3943370361135989
PGNX,1.2482705924331818
LTXC,1.6000558621462331
KERX,1.3173066514305252
CBS,1.8146229282029949
UHT,0.97627104651214691
WBK,1.5259082009288545
ROCM,0.66827945177575798
VPHM,1.0365902802206697
NTLS,0.95051508212433244
ROCK,2.0654266599159752
OKE,1.0944917100797471
OWW,1.708337342031766
PDLI,0.70266890876847055
GOOG,0.92226296092729831
NCR,1.1387073686909788
GOOD,0.73708870360438961
LVS,2.0321000381716829
DEST,0.6337820864783148
VECO,1.7732477052334072
CAB,1.4234167163106728
SFLY,1.1725510180489596
RVLT,0.36495754385330209
EXXI,1.9356544279535965
BBEP,0.88030643162828337
PKY,1.6322268995259499
MPAA,0.4827554927392006
MIDD,1.324511795488585
GCOM,1.2744883711046056
LLNW,1.2023652007982895
POT,1.1717934410200426
T,0.71034003636175491
ANIK,0.47190137407659027
CCU,0.63355620130322099
FRBK,0.4496913239204996
CLMS,1.8248821727741964
CCO,1.6075725758209671
CCI,0.98437791137387443
CLMT,0.71216621961919935
CCJ,1.3548994860935566
CCE,0.91958573862792514
ANIP,0.94107477324688293
JASO,1.7379346877742621
EDE,0.66185597101383742
PIM,0.29636614360396929
BKCC,1.1598310631098232
INAP,1.7454845716260656
FLIR,1.0019572019440932
AKS,2.2875522385654703
MYJ,0.087236350688140923
COGO,1.1605331612548366
MYL,0.96287408318275314
AKR,1.1667506212185539
MYC,0.073149922529331682
SIAL,1.1083901199636295
MYE,1.4541236980230492
MYD,0.087346036528109461
FLIC,0.35673413725145164
MYF,0.083249267768626956
SYKE,1.087551246904769
FSBK,1.1676693010851085
SUMR,0.49636917055846419
WMK,0.62294118999548287
AIXG,1.5583408066164424
APAGF,1.1603432541678043
CCIX,1.5466059795933405
TMO,0.96139430203888609
NXST,1.1506255847832927
OI,1.461178212196627
UBS,1.6835833549212653
OC,1.4809094288586671
OB,0.82043211697971241
ARQL,1.4434821368089397
NTRS,1.3233802368284695
FC,0.91228099008199282
NTRI,0.99706775632862155
MAIN,0.63286658963712938
URRE,1.6910769312015084
FE,0.67185490366651679
MWW,1.5105807997732761
MWV,1.2790876446320643
ZLC,1.7032439496953136
JDD,0.96264927390145494
CHCO,1.1250499368435691
REGN,1.0685725580062893
FXCB,0.62359656556216125
MWA,1.8000920455612666
DEL,1.3634094299891881
MWE,0.99950236524297709
DEO,0.72385074360669432
DGLY,0.45740086285131859
DEG,0.71555633954439213
CVLT,1.020265385356941
GLT,1.3613747943365928
PCTI,1.2515185988617046
AME,1.0303566385515324
AMD,1.4487236702426658
AMG,1.8577424384629637
AMX,1.0202499514951966
PVTB,1.5671041085988264
MSFT,0.88797176996513372
VCI,1.4470104507881787
NWL,1.1321688805854624
AMP,1.6654667312322735
NWN,0.57490652717130408
BZH,2.2369898381456439
GLRE,0.84088690464753668
LMAT,0.25436569700241618
ODFL,1.2256959835896857
UPL,1.2342980317090468
RBS,2.0407965032260122
CFFN,0.61313947767113663
O,1.0583629922268645
MVIS,1.6395120954201237
SNHY,1.6803564037293977
UPS,0.87126748638918472
PCBK,1.285127513589142
CVBF,1.4829141085793762
AHGP,0.83921586791331615
IVC,0.8184900165665967
NVTL,0.96855153990124421
WWW,0.9770172163200197
ANGO,0.85158063473093459
BVN,0.75529696444633987
CYNO,1.2900486603081172
AVX,0.81744505641175791
MDC,1.2662082876394005
HTLD,0.8080586169803623
HTLF,1.2450336427374133
IVZ,1.8935377663465949
ACC,1.239460015803366
VLCCF,1.5363452349076332
KOPN,1.7410529094531222
ACE,0.91438280859683929
RGEN,0.79622569197769555
ACI,1.8972297673305314
ACH,1.5541438980026621
ACO,1.7408921365229881
ACN,0.76643367004175178
ACM,1.237773185752066
PKG,1.158438444271342
ACT,0.67988708442051671
HFC,1.2359833840015599
NEU,1.3464806406939833
BKD,1.6504243195100901
BKE,1.082132385369992
SALM,0.68503829282472817
BKN,0.021018198269973566
BKH,0.88712555273565175
WABC,1.1783612581931056
SOHU,1.215438018378026
BKT,0.077370998281762526
SOHO,0.56602641456536162
FLS,1.6006202408888663
LAWS,1.3136715948768174
GSIT,0.53054536695857724
GILD,0.60953170090501874
KUTV,0.36446385486964106
MDVN,1.1428551853945055
SJW,1.1070676673603845
SJT,0.78972608180717452
ESSA,0.75922171386593007
BSD,0.10971299516801593
GSIG,0.63194935603333624
LGI,0.83639995757318419
SCBT,1.0666515106680556
MSEX,0.89746588056082266
GILT,0.82229328126012646
UBA,1.1728828706822738
SCHL,1.2293703742243598
GDP,1.9237620253385628
MBWM,0.27171062759558329
MEG,2.2340853016098317
GDV,0.94325675148839316
EPIQ,0.71607050944750616
MEN,0.12350752784416429
MEI,1.5997118281667833
EBAY,1.0723633367483436
MET,1.7316509453166118
WPZ,0.76966463667240026
BOOM,1.7356594621825427
GDF,0.53914916941624369
AMOV,0.97213528566903529
TFSL,0.52192631279053736
CPLP,0.8567190000230045
BRY,2.0975454919544774
GOLD,0.81529478121166732
ZMH,0.86286039055270902
CPLA,0.71864383436455581
LTM,1.4705392956460135
PDCO,0.86126289104532072
SPNC,1.2641314103650974
PDCE,1.7744702442924185
TXN,0.91875828983857843
AFAM,1.0954203130851501
TX,1.5941798581508304
KIRK,0.80840251417263498
TV,1.0704783286863502
LINTA,1.4179749624942648
TU,0.74208437401042704
TR,0.72931505903886251
TS,1.5941323536720233
VLY,1.1507546622093858
TM,0.86071160092803889
CQB,1.2703023403674256
TK,1.5054443149459189
QSII,0.97464775434820516
TI,1.1357458308179238
TG,1.3015539109046805
TD,1.1340185599608259
TE,0.85803449282143096
TC,1.6858368089062195
TA,0.91461554316203841
AA,1.7117423517768575
AB,1.4525777101819264
TNP,1.0556726943824497
AG,1.2143068703540774
AF,1.1454402716441541
AI,1.4750163518418855
GVA,1.2682404263827254
DELL,1.0987519068678731
AN,1.1646469693828987
NCTY,0.67254725829838424
AP,1.7973477346067455
AU,0.88043761639102314
HBHC,1.2669662627198783
TNC,1.5133075602948383
TSRA,1.1784779331887862
AFSI,1.0016909261412834
CAP,1.7153800784141744
ISRG,1.0803873597329012
HHS,1.2202812122167601
AUQ,0.48804340483862685
NKE,0.98715137580710755
ARLP,0.99234356197490292
XRTX,1.1448647912566428
TSS,0.89311473021904431
KGC,0.79748133632553486
SHFL,1.5135000803047243
NHI,1.0753868754520031
CPK,0.83659657996455383
CPL,0.93247634583576455
VSAT,1.0895654975070659
WLP,0.92024185806686609
CPA,1.1530400189050227
CPB,0.40390939525765684
TQNT,1.4568939546542983
WLT,1.9375100883829588
CPE,2.0079345539878575
CPF,1.4678772470860844
GNVC,0.56723317871698653
WLK,1.4017357898248164
WLL,1.8305378490363795
ZQK,2.2211888801758004
SBAC,1.0601801971085931
FALC,1.2490269414643516
WLB,1.826826819772075
CPT,1.4981747275108517
EFSC,1.6355104880876958
HEES,1.6902386875311621
MANT,0.70514022076189975
TEVA,0.42153198078404586
NILE,1.0805927912626148
UAM,1.1580316462636024
UAL,1.6418577543930135
MANH,0.87828210304788601
NTSC,0.20960076951486839
SBR,0.57345796044904018
WRE,1.3376235482879999
WRB,0.76376678442551649
KTEC,0.47420778826276294
HZO,2.0032908843280524
TAYC,0.89376702984390533
WRI,1.6759320573410585
ROP,1.1211478806531232
SMA,1.1492209605686863
BECN,1.2558309053546068
DORM,1.6533576964635035
KBALB,1.757742939839503
EHI,0.38621874668817019
CVCO,1.0215281077516174
FOXA,1.5645552000317959
NBBC,0.54209149249383115
OTIV,0.53594253591864116
LAZ,1.3179618696127533
FFG,1.8201023398716312
WOOF,0.87724231727015756
HMC,0.88963683110352343
ALE,0.67900607071298291
IGD,0.7619137642570708
CSWC,0.88377516707576853
DTF,0.090315030591965301
DTE,0.64849593466294508
CODI,1.2479825622913823
WMGI,0.89595873493381362
WRES,2.0854121302289235
SEAC,1.112116063366233
DTV,0.90279740432623024
DRYS,1.9705843855273311
AAWW,1.73064218838728
ITRI,1.1707010229203361
TRN,1.8403792280585412
DCOM,1.1465900538452451
DVAX,1.0642875764391566
JMBA,0.84748602300943343
NBTB,1.2440389943060626
FTR,0.87730434233812948
ALX,1.270244837692766
DCO,1.3398478749256828
STBA,1.3579585594770027
DCM,0.34590712496276699
IMAX,1.1329618411107176
LHCG,0.95605249965712424
FTI,1.4829818663288985
FTK,2.2595202651265227
CBB,1.1157217245716007
CBG,2.1628431783306401
CBD,1.1015550325763388
CHLN,1.0678155460932492
HTSI,0.71689413697377558
CBK,1.4587565632270187
SBSI,1.0137397750289565
CNBKA,0.47659217862289649
CBM,1.6354336336327371
CBR,1.5373942060982406
AMSG,0.85292564659183867
MMC,0.83249109164844071
CBT,1.321696013636672
CBU,1.2653026450302636
CBZ,0.7485317861086529
SON,0.92742462219724575
VVTV,1.037615139314306
NUAN,1.2426124926896249
FR,2.3958350484321036
CROX,1.7430805969829994
ACIW,1.0340634756454574
AMSC,1.8147452251092977
HAIN,0.94612973122884692
MSFG,1.5932331828012307
SMP,1.451862469667295
MGRC,1.2701148330411329
TTMI,1.6786738017587821
TICC,0.65783265791161583
AUDC,1.1417930764314157
SMI,1.1480930417656099
SMG,0.83828956382755759
HOME,0.850889487168349
FL,1.1012720800187163
HOMB,1.0372765563424238
CIEN,1.5326605122098025
JSM,0.38133853797168149
JSN,0.7229436511457048
BONT,1.2635415517410755
JST,1.1322792881645436
NATI,0.93453291743819533
NATH,0.15301664325694392
BBBY,1.015675720110107
MDR,1.9110009579873086
MDP,1.2011894631038598
MBVT,0.48815979046769076
MDT,0.75154727751928097
MDU,1.028941656243876
ESBF,0.63012802372466936
BPHX,1.0940340784824729
MVT,0.16065695664327978
AWI,1.355407998126253
DFZ,0.39288300731140535
DFT,1.4191080238772105
REFR,0.44260484908106623
DFS,1.5110947343475756
JEC,1.5882318644157314
ILMN,0.85001237366755733
KOG,1.3721822536369599
DCT,1.7882328505124556
MVO,0.66132700014782708
ALL,1.2068720465501825
ALJ,1.406153179137237
ALK,1.1242386736428047
SUTR,1.6766429364674047
ALG,1.4059789365636455
PLPC,0.91206262509802305
ALB,1.4340424914610432
UEPS,1.1371102819338439
SPW,1.3654457002921827
NTL,0.70972395645010988
MXWL,1.6874128483190742
ALV,1.5672186067058771
ALU,1.6333515640077918
ALR,0.92744780082690859
LYTS,1.551763418977842
TOO,0.72533332092008695
USAK,0.58737943021275585
WEC,0.50628484542755925
ADBE,1.2009348896060443
DECK,1.4966737980640192
TOT,1.2410396453622434
SUNE,1.7607337131172771
NAFC,0.57973450838711293
PII,1.3923415774943444
TOL,1.1860920141489208
KOP,1.6402374550623189
R,1.3934724639389173
USAP,1.8032797912764951
BELFB,1.4469271471823153
HBIO,0.61886658123537974
USAT,0.84902859726750257
KFS,0.88499662113518007
ISSC,0.36440245296312679
HIW,1.5553797038051236
STRZA,1.3235645059411243
ATNI,1.2279727484472063
KFY,1.2871478259331686
BAXS,1.0710159846793164
HIG,2.2286077884733868
KFN,1.3685083014858483
HIL,1.6230776036715073
FVE,1.3002435963796852
NOK,1.2072896286160684
SLGN,0.68591045806689732
ABC,0.65607048061906648
PCYC,0.4689364563779137
HGT,0.99880460016482431
HGR,0.79386182281707307
ABM,1.1080171240404177
ABR,1.3241496385776943
BANF,0.95722902668341581
ABT,0.43367281771942368
ABV,0.95957991837947743
CMLS,1.4649651152672067
ABX,0.64633689592887622
SCVL,1.2072610748454713
XOM,0.8424943233828619
BHI,1.5034758049605341
BHK,0.086798280446526183
MSPD,1.2259596051719632
BAS,1.9289119780269433
ADES,0.39729790907364709
BHE,1.2554735240845032
CRAY,1.33877741072045
BHY,0.23305544655343127
TRGT,1.3755050377909628
BHP,1.616612209585369
PRCP,0.29923901658971064
CRAI,0.8720666968447629
TAXI,1.0108506784530609
IGTE,1.5638374579704184
EGY,1.6001547011821589
STT,1.6018478168701646
ISSI,1.0915631972199136
ARAY,1.3033534152221544
RDNT,1.2528803001622053
EGO,0.58367100166420283
EGN,1.2481050591648031
USNA,0.69248953900313914
EGF,0.034447644014142319
BEBE,1.2080804200680595
EXTR,1.6754142176242441
FGP,0.47634078958739112
RAI,0.54580934550894444
STSI,1.2838901162759315
RAS,2.2949352396701581
THG,0.78221975168617996
STSA,1.5462168100779281
LPX,2.0295591066476999
SHEN,1.3087841518995855
BFO,0.073592775152862389
BFR,1.0571010185558305
LPL,1.4584397050854028
RMCF,0.19019677502686633
BFZ,0.078867415664626503
SFNC,1.1014701796251574
SBNY,1.1297228100314201
TYN,0.51142461160551689
CELG,0.82177718236377606
BWEN,1.018514600524171
ROSE,1.6782959053682465
OZRK,0.85446021320277687
OSBC,1.1196611989736935
VIV,0.76936246886935733
GURE,1.0303424235493561
ROST,0.80205795775000321
EXFO,0.66874970960095959
FUR,1.2875999810621315
OCN,0.74827444301008517
NYCB,1.0134447192968608
WNR,1.4218699296423565
VLGEA,0.68962892144186461
OLP,1.1875039167575117
IFF,0.88054235914985246
DBD,0.97946934690178211
NVDA,1.3821640686313885
ELRC,1.2995096553752046
STAA,0.85818939405075712
STAN,0.85499154586198944
FUL,1.3963388065658262
OCR,0.84408705419663455
CEC,1.0147026458201331
CEB,0.94395442827858256
PKT,0.60397336782154354
CEO,1.4427121595143735
PKX,1.4185906872098526
BANR,1.3292276905101097
FLOW,1.7913451762709576
HILL,0.95075484845801106
PKD,1.8610746218994247
CCUR,0.47190155903999581
ASMI,1.4474784514436698
PKI,0.97933466952374304
CWTR,1.8379449871012778
PULS,1.8277034339529128
ASML,1.2509502494511864
SYMC,1.0002120570331707
CSL,1.0048023675303428
CSH,0.98657665284898188
CSE,1.6123626148823638
SYMM,1.6122477118816381
WOR,1.6581921491779488
LUNA,0.33849434972574222
JACK,1.0297715034181705
CSU,1.4623008770896986
SYMX,1.4528816043069188
CSS,1.0795155038180613
VOXX,1.8558979141159058
OUTR,0.87189866570391772
XOXO,1.1501325945927394
ALGT,0.82832082654504802
ODP,2.3024377906640354
ALGN,1.1463810254193363
YPF,0.30435003051178067
ARWR,0.36711120267056463
ACXM,1.1700937967213281
NC,1.9442222501095847
STR,1.1098721496149491
NURO,0.41650134570640163
MUR,1.3396469556902026
AES,1.389626474684041
NE,1.3561148325662218
NWBI,0.78529640577415205
MUA,0.12812366134940439
HIBB,1.1542458148182426
HGG,1.0142603196651439
CRMT,1.0289616450624468
JBL,1.6913088562342116
MUI,0.090906142921122868
MUH,0.10643043070132309
ASR,1.0842835022979669
MASC,1.0190478664671294
CMCO,1.5463111795652433
CGX,1.3669228552403037
NUV,0.089216048394956615
LRAD,0.65301805740610741
CSBK,0.95039034115042065
GKNT,0.53764141016655875
RRST,0.32264414234477995
MASI,0.98276198982097784
LORL,1.3298769126670549
ASA,0.49738595721516643
DGX,0.6366897810974137
ASH,1.5337646394369813
ORAN,0.92887501175677545
AFB,0.096493997542616283
DUK,0.52475017719125827
HERO,2.2730151396543326
DUC,-0.032005902604273898
EHTH,0.95503425223429872
NP,1.5966034594551963
FSTR,1.284206802950062
MTOR,2.0287124317703848
UNF,1.0461961418464032
UNH,0.8801472377613907
UNM,1.5924523001714086
GBCI,1.2434171581067408
OMC,1.0704040745102805
KB,1.4563288347167296
ODC,0.39962313800744259
OMG,1.5448013010920305
KF,1.1991612832921767
OME,1.3041469746345813
ITG,1.0434881847084212
VRNT,0.44964923364778875
ANEN,1.1353692449787767
ITC,0.68022904004440554
VIVO,0.81631623510439322
KS,1.1376523094306226
OTEL,0.27833952239563597
KCLI,1.2805129630523218
KT,0.89137056979415985
AEE,0.70485860042991066
ITT,1.0271052041865487
OMX,2.1057212151575584
EGLE,1.9607908159749281
CTAS,0.97144632820593046
OTTR,0.96812786621629954
AEG,2.1975122729767036
BSX,0.9945739849529438
ISBC,0.95581953833948963
LCAV,1.1913865299902542
BHD,0.10113887006273006
AAV,1.3823715517741342
AAP,0.74128167512913801
HSTM,0.62652738996485124
CYTK,1.3137037229295714
BIG,0.95383791024638176
BID,1.6874041157993591
MGEE,0.61907855875913365
MGPI,0.86527088735014113
CYTX,1.320220073416599
KWR,1.7733374480747215
GBX,2.206682173963971
SANM,1.8072777477157231
TFX,0.7897886306256956
KMB,0.44224620698491535
ITMN,0.94903613224819661
HOLX,1.0073689369023804
MIND,1.1154831090594284
TIBX,1.1850147939032218
CRNT,1.0806497221738269
SLM,1.608761320814168
SLH,0.89848057003147996
CYBE,0.33716363276930644
SLF,1.3322262002408349
SLG,2.1370960107199615
POOL,1.0596959400433614
GSOL,1.45669860313808
MCO,1.4062560921704961
GFY,0.15982849915946856
UHAL,1.4109433270566241
BBCN,1.4087048731180638
NWPX,1.5321267681323898
MCD,0.55064020156868476
USPH,1.1225751041849088
BDSI,0.58704100724039554
GFI,0.93240745695971561
PKOH,1.7195855035263388
GFA,1.7816407256013709
GFF,1.4383042248367104
BGC,1.7337822773595231
EXC,0.72947769292212239
BGG,1.2248404336791849
NEE,0.63879486080796077
EXK,1.0785495107075307
RMBS,1.2816929530890926
LACO,0.90901596913397475
BGR,1.1919366752643286
BGS,0.95672298514438792
EXR,1.4085669256589044
EXP,1.1744889474139351
IOSP,1.8597167544962252
VNDA,0.80396800965039716
VNO,1.625467858575169
DEPO,1.4867023979803871
FNP,2.0186430389609553
PWOD,0.50709865090316031
SPLS,1.1705121501507207
PICO,1.1577113936811396
VNR,0.71450032190374957
TCK,2.1258284933808169
CETV,1.8984066772941042
SONC,1.1589868091552513
GPI,1.6167067185146453
GPK,1.8910651281005313
VFC,1.0442585685315626
THS,0.48376195439169334
GPC,0.8445839083660609
THO,1.2148331171427087
CRDC,0.95679808292873247
SONS,1.5560541297404036
GPX,0.85736017414797661
THI,0.71070500879210252
GPT,2.0373771166670651
MWIV,0.89441616266246116
XLNX,0.92530296286912261
THC,1.2179231437693514
GPS,1.0116051861200361
EEFT,1.1666041892762176
NIM,0.080029850038906059
SLTM,0.69860819916516093
TCB,1.2612844131545811
KMPR,1.4300213360169307
EDAP,0.57096048476321615
KIM,1.8511630838268192
KID,1.3678818641711916
CRR,1.3900142372014952
CRS,1.6894292887461253
SYNL,0.45385761334082747
SYNM,1.2807735344016369
UL,0.75986050369768066
CRT,0.82392906425560342
FDO,0.43460556307648285
SYNA,0.87986293415723671
FDP,1.0025841029715115
FDS,0.98779000879023005
SBCF,1.1746335581884804
LWAY,0.92562011194562976
CRK,1.5551365523702509
SYNT,0.93953453615495475
CRI,0.97706205637655752
CRL,0.72322208208011685
CRM,1.3010102759447917
PNFP,1.3967720886946045
MIL,1.0447864085621887
PQ,1.9538639443715882
PT,0.86134408260301953
ABMD,1.0885613906000327
DRIV,1.0787090393505221
GLDD,1.5506980861420165
PB,1.0412825180851624
WNS,0.30517603169954588
WIT,1.2446855919619408
AEGN,1.2469025692566675
SGEN,1.0934344283714319
PH,1.2438396197016894
PL,2.0067462692669737
EFX,0.97465671781752028
RGS,1.2157263613857932
MKSI,1.2072792159194841
EFR,0.41230575614274267
EFT,0.41769508759393248
KAMN,1.237267478501705
KTCC,0.58750069928800475
QCOM,0.93851429827813559
RMTI,0.55370331222672842
ALTI,0.87265838201315427
SPRT,1.2069544370624015
OPY,1.3104811905376446
RNE,1.3043206316214153
IDSA,0.98630198113470646
FINL,1.387222296434202
GLF,1.5576171016684714
LCC,1.9148384123911877
STRM,0.39467857975214687
IDSY,0.32477121324783742
RNR,0.72862979450383292
STRA,0.49095717975298581
NTCT,1.2814920541592061
ALTR,1.0186879328503224
ONNN,1.401555794072455
USG,1.8965547814582644
DVN,1.2271216597922674
ABCB,1.432659352882528
WDFC,0.85276640356133848
DVD,0.66266345259218706
ABCO,0.72674066980970653
DVA,0.56707089376175324
PEGA,1.021719731953656
SKH,1.0989882822536414
FNHC,0.38285151085946184
UMC,1.2932737542598336
TEG,0.70400692661056063
UPIP,1.1360330661474645
CSUN,1.7149826484709045
UMH,0.44560369222316415
DVR,1.6038765052235644
SCSS,1.5494216968175021
ANDE,1.095405271325594
OLN,1.3995355729969416
SCSC,1.1763655208493742
RYAAY,0.88454296066123328
ELGX,0.73642722538019001
JKHY,0.91202514761220876
HAYN,1.8854052301368549
IR,1.3638403732789779
IEX,1.2020398245268036
IMGN,1.2044145779149134
IEP,0.57077236124896902
IRET,0.89460521557343675
EXAC,1.0205743898890269
FREE,1.152509047439858
FRED,0.93623397456592994
NVEC,1.2262575638249011
BLDR,2.14658477838318
BLDP,1.0668677029657081
EXAS,1.0640828703725973
HCKT,1.4503621697565274
SMTC,1.0299731780008834
CHRW,0.9077741125497224
UFPT,0.63135666088862608
VCLK,1.4146799430969113
PLT,1.3384364789606846
KMT,1.510722394685345
CDI,1.5596253285901822
CCRN,1.2512192387707155
WTM,0.78821149865717899
SBUX,1.2001360264441132
PSB,1.0986380529208291
OIBR,1.1874119447290958
GFIG,1.6146695582034045
MORN,0.76872442446921885
CDR,1.5140557451762557
SAPE,1.2452080446262968
MTSN,1.7482554381469151
PLL,1.1319436129626514
UFPI,1.415458185031651
CMCSA,1.1056151771544249
ASNA,1.1406188170420188
SPH,0.46325785496972616
MNTA,1.2223562576751124
BXP,1.5778010548552146
BXS,1.3030820997070922
JRJC,1.1504228435306594
MNTG,0.68270985035380138
MNTX,0.60695084880045647
MTSC,0.93375845406747626
PRSC,1.4064312715459673
BXC,0.83138506617641217
USU,1.45091293245978
PPC,0.88831504687480223
MSD,0.4476859121841662
PPG,1.1355505485087272
MBI,2.1695985504563282
NRIM,0.21291452836062846
GAS,0.66717253111190511
NVE,0.65435788935121431
PPL,0.63202734228599633
PPS,1.4258643237586446
BFK,0.039077193671016454
GAM,0.99619962687528996
MBTF,0.59708380703676589
MBT,1.4403851989191023
TZOO,0.859929274505562
GAB,1.0445976122973528
MTZ,1.2740570709834569
MTX,1.2584348775570215
JCP,1.1520616609853114
JCS,0.65173139475515307
MTR,0.39573741493717085
MTS,0.086067549550519346
IBOC,1.5958004905668508
NETC,1.1579638418281835
MTW,2.2663428001799781
VCBI,0.79217953314685774
MTU,1.017399831343742
NVO,0.67837609238394481
MTH,1.8628948824603764
SIVB,1.5065107811170571
MTL,2.1750588180068782
ESLT,0.67221989573458196
JCI,1.480226865438834
MTD,0.96752410183723425
AXLL,1.7513185782626741
KMP,0.40097648925373464
ARW,1.2168622061292553
CSCO,1.0379894586440641
MSF,1.1946590994507116
DAL,1.3686217581369859
ARC,1.309409081808615
ARE,1.5033083768206792
ARG,0.8988147983861059
VOCS,1.185441155146677
ARO,0.97395259821368629
CPSL,1.7126881297728453
KMG,0.88259356142693712
BG,1.002508401929457
CPSI,0.82836256510391537
NCIT,0.84761750711043415
BC,2.326266785259191
BH,1.0434395585035021
BK,1.3972725174298468
BT,1.1242585206960474
BP,1.0676894901281928
BR,0.75801417988363595
GSI,1.8791218951149764
ETV,0.77014087298616718
GSK,0.65099221178690858
BX,1.6215598221309597
GLP,0.39653951014345518
CPSS,0.42153340830085839
NNN,1.2176839565878566
AVID,1.0132066916759181
NNI,1.2861236736812609
SCR,0.66923859364178551
ATHN,0.87420933964673297
FMER,1.2996400295079624
K,0.46352113058621386
ATHX,0.27240570496473399
IRS,0.73346901299097644
HSIC,0.77921769403588215
TYL,0.79451832011159074
NXQ,0.061055640311501333
SENEA,0.34571563230229507
NAVG,0.79579993356730361
NXR,0.061305848354929762
ATLS,1.2968369372151032
VIA,1.1270078471745115
ISCA,0.87429250943334047
BOLT,1.5406976769541503
NXC,0.080590314466149726
LOGI,1.2972259177270429
UNP,1.157452387627036
VRSN,0.92048629367194046
RTN,0.69056461634030586
HNP,0.90200708941423613
CINF,1.0352292808661936
SCON,0.81419207168580265
PRAA,1.1726143783166108
TREX,1.3667003699747227
HNR,1.6029814837915151
SCOR,1.1153479858630038
SQM,1.1602398497057456
GSBC,0.87424254695092096
IACI,0.63699763518603714
BSET,0.54571369029046046
KMR,0.54504772494054587
OFIX,0.97485282070627943
GLUU,0.78762753525457208
EEP,0.63078263434794546
RHT,1.0934976893562989
TYC,1.0231722503121436
LLY,0.66899386354692403
ROK,1.3973296333767333
ROL,0.98758692167826012
RVBD,1.2563709546198654
ICFI,0.57090221856844137
IDRA,0.98476170546351383
WEYS,1.0141931009914908
ROC,2.0392693056916276
ROG,1.3658666404022752
SLMAP,0.19470584802846191
OSK,1.7409161564661888
LLL,0.82308134278924994
EZCH,1.1758366977403871
BCS,2.0871575518299093
ICA,1.4354778866823414
CNIT,1.437157236859806
BDC,1.7493686547341638
DHIL,1.1037793386500856
BDN,1.6406717830916444
LABL,1.2230099796380183
KMX,1.3595840651023807
ICE,1.4849838693835689
CRUS,1.3407603909383825
BDX,0.52336332777672379
ECPG,1.3165664119996605
VOD,0.95615378937133721
TSYS,1.2620518117326489
GLW,1.2393036188128312
MDLZ,0.5777823587912797
UN,0.84606605594567119
GMCR,0.71725184303557565
LRY,1.3695355913125122
UA,1.3725768760433943
VRX,0.66983949281268251
FOSL,1.353049215870302
IDT,0.96670071628864562
STON,0.53504569132737856
EZPW,1.1529465867227806
IDG,0.58314997823014125
BGFV,1.411902366756316
IDA,0.72508684894815845
CGI,1.5322517224643444
BIOD,0.99928045509421248
FAST,1.1424876748098654
PMD,0.2491402586123446
BIOS,0.97168454936879067
RSYS,1.4972632388699743
PMC,0.77297442535224414
CAKE,1.2733707283997315
PMO,0.074787432273732357
ZIGO,1.6169718003736038
SKYW,1.1222435532658466
MINI,1.1698473800265596
LLTC,0.87153126503011058
ARMH,1.1106779830482241
LULU,1.5993376274836364
CUZ,1.4988194287167163
CUB,1.0220173060789435
HNSN,1.4839404932071723
CUK,1.2686309128364939
UFI,1.3399200232352766
WIA,0.020751982825917198
WIN,0.83725090959841986
COLM,0.99031924712364061
ARUN,1.4050200054810795
CIB,0.89190757730819603
CIA,1.3325427509361254
CIG,1.0096161721986865
BBSI,0.73977149384898477
CIR,1.4581758074611559
MSM,1.021666385067951
MSL,0.31173870254645497
CLSN,0.27575524954307895
HKTV,0.45502172423766551
MSI,1.18261046912656
NEWS,1.6306768649361134
NEWP,1.5524119361673918
CATO,1.1756792624817947
MSB,1.3308007720272212
MSA,1.2584417504229886
CM,1.124574101379245
DAC,1.2743104955859534
PETM,0.91420866862073713
SRE,0.67649704686408463
AOS,1.1129880054447012
ORCL,1.0533693147379868
BPOP,1.2649301043357362
WFT,1.5852617730617431
PETS,0.58424897942657716
YDKN,1.1211590411335481
JCOM,0.96338298460851068
WPPGY,1.2076133466179124
CUBE,1.6022064560637563
SNTS,0.93900095385804061
COKE,0.57442336304696928
THFF,1.4024064964024976
AEZS,0.54643394596112604
DWA,0.82091711956229518
SNTA,1.2025704325056805
PFX,0.28803767365776278
PLAB,1.8178335892618258
MOSY,0.75072614511099056
EQIX,1.1842979708227441
PTRY,0.96438115644177658
QDEL,0.86831357498904371
PZE,1.0691786000859522
DSGX,0.59303065554553025
NGG,0.75031401951366872
PGH,1.019906079593804
